Bottle #,defect,tilt,H offset,V offset,Capacity
1,None,0.177,0.021,0.066,300
2,None,0.481,0.034,0.070,300
3,None,0.220,0.019,0.058,300
4,damage,0.202,0.032,0.063,300
5,None,0.174,0.041,0.061,300
6,None,0.484,0.049,0.067,300
7,None,0.170,0.047,0.071,300
8,bump,0.271,0.021,0.064,300
9,damage,0.376,0.019,0.063,300
10,None,0.177,0.021,0.066,300
11,None,0.481,0.034,0.070,300
12,None,0.220,0.019,0.058,300
13,damage,0.202,0.032,0.063,300
14,None,0.174,0.041,0.061,300
15,None,0.484,0.049,0.067,300
16,None,0.170,0.047,0.071,300
17,bump,0.271,0.021,0.064,300
18,damage,0.376,0.019,0.063,300
19,None,0.177,0.021,0.066,300
20,None,0.481,0.034,0.070,300
21,None,0.220,0.019,0.058,300
22,damage,0.202,0.032,0.063,300
23,None,0.174,0.041,0.061,300
24,None,0.484,0.049,0.067,300
25,None,0.170,0.047,0.071,300
26,bump,0.271,0.021,0.064,300
27,damage,0.376,0.019,0.063,300
28,None,0.177,0.021,0.066,300
29,None,0.481,0.034,0.070,300
30,None,0.220,0.019,0.058,300
31,damage,0.202,0.032,0.063,300
32,None,0.174,0.041,0.061,300
33,None,0.484,0.049,0.067,300
34,None,0.170,0.047,0.071,300
35,bump,0.271,0.021,0.064,300
36,damage,0.376,0.019,0.063,300
37,None,0.177,0.021,0.066,300
38,None,0.481,0.034,0.070,300
39,None,0.220,0.019,0.058,300
40,damage,0.202,0.032,0.063,300
41,None,0.174,0.041,0.061,300
42,None,0.484,0.049,0.067,300
43,None,0.170,0.047,0.071,300
44,bump,0.271,0.021,0.064,300
45,damage,0.376,0.019,0.063,300
46,None,0.177,0.021,0.066,300
47,None,0.481,0.034,0.070,300
48,None,0.220,0.019,0.058,300
49,damage,0.202,0.032,0.063,300
50,None,0.174,0.041,0.061,300
51,None,0.484,0.049,0.067,300
52,None,0.170,0.047,0.071,300
53,bump,0.271,0.021,0.064,300
54,damage,0.376,0.019,0.063,300
55,None,0.177,0.021,0.066,300
56,None,0.481,0.034,0.070,300
57,None,0.220,0.019,0.058,300
58,damage,0.202,0.032,0.063,300
59,None,0.174,0.041,0.061,300
60,None,0.484,0.049,0.067,300
61,None,0.170,0.047,0.071,300
62,bump,0.271,0.021,0.064,300
63,damage,0.376,0.019,0.063,300
64,None,0.177,0.021,0.066,300
65,None,0.481,0.034,0.070,300
66,None,0.220,0.019,0.058,300
67,damage,0.202,0.032,0.063,300
68,None,0.174,0.041,0.061,300
69,None,0.484,0.049,0.067,300
70,None,0.170,0.047,0.071,300
71,bump,0.271,0.021,0.064,300
72,damage,0.376,0.019,0.063,300
73,None,0.177,0.021,0.066,300
74,None,0.481,0.034,0.070,300
75,None,0.220,0.019,0.058,300
76,damage,0.202,0.032,0.063,300
77,None,0.174,0.041,0.061,300
78,None,0.484,0.049,0.067,300
79,None,0.170,0.047,0.071,300
80,bump,0.271,0.021,0.064,300
81,damage,0.376,0.019,0.063,300
82,None,0.177,0.021,0.066,300
83,None,0.481,0.034,0.070,300
84,None,0.220,0.019,0.058,300
85,damage,0.202,0.032,0.063,300
86,None,0.174,0.041,0.061,300
87,None,0.484,0.049,0.067,300
88,None,0.170,0.047,0.071,300
89,bump,0.271,0.021,0.064,300
90,damage,0.376,0.019,0.063,300
91,None,0.177,0.021,0.066,300
92,None,0.481,0.034,0.070,300
93,None,0.220,0.019,0.058,300
94,damage,0.202,0.032,0.063,300
95,None,0.174,0.041,0.061,300
96,None,0.484,0.049,0.067,300
97,None,0.170,0.047,0.071,300
98,bump,0.271,0.021,0.064,300
99,damage,0.376,0.019,0.063,300
100,None,0.177,0.021,0.066,300
101,None,0.481,0.034,0.070,300
102,None,0.220,0.019,0.058,300
103,damage,0.202,0.032,0.063,300
104,None,0.174,0.041,0.061,300
105,None,0.484,0.049,0.067,300
106,None,0.170,0.047,0.071,300
107,bump,0.271,0.021,0.064,300
108,damage,0.376,0.019,0.063,300
109,None,0.177,0.021,0.066,300
110,None,0.481,0.034,0.070,300
111,None,0.220,0.019,0.058,300
112,damage,0.202,0.032,0.063,300
113,None,0.174,0.041,0.061,300
114,None,0.484,0.049,0.067,300
115,None,0.170,0.047,0.071,300
116,bump,0.271,0.021,0.064,300
117,damage,0.376,0.019,0.063,300
118,None,0.177,0.021,0.066,300
119,None,0.481,0.034,0.070,300
120,None,0.220,0.019,0.058,300
121,damage,0.202,0.032,0.063,300
122,None,0.174,0.041,0.061,300
123,None,0.484,0.049,0.067,300
124,None,0.170,0.047,0.071,300
125,bump,0.271,0.021,0.064,300
126,damage,0.376,0.019,0.063,300
127,None,0.177,0.021,0.066,300
128,None,0.481,0.034,0.070,300
129,None,0.220,0.019,0.058,300
130,damage,0.202,0.032,0.063,300
131,None,0.174,0.041,0.061,300
132,None,0.484,0.049,0.067,300
133,None,0.170,0.047,0.071,300
134,bump,0.271,0.021,0.064,300
135,damage,0.376,0.019,0.063,300
136,None,0.177,0.021,0.066,300
137,None,0.481,0.034,0.070,300
138,None,0.220,0.019,0.058,300
139,damage,0.202,0.032,0.063,300
140,None,0.174,0.041,0.061,300
141,None,0.484,0.049,0.067,300
142,None,0.170,0.047,0.071,300
143,bump,0.271,0.021,0.064,300
144,damage,0.376,0.019,0.063,300
145,None,0.177,0.021,0.066,300
146,None,0.481,0.034,0.070,300
147,None,0.220,0.019,0.058,300
148,damage,0.202,0.032,0.063,300
149,None,0.174,0.041,0.061,300
150,None,0.484,0.049,0.067,300
151,None,0.170,0.047,0.071,300
152,bump,0.271,0.021,0.064,300
153,damage,0.376,0.019,0.063,300
154,None,0.177,0.021,0.066,300
155,None,0.481,0.034,0.070,300
156,None,0.220,0.019,0.058,300
157,damage,0.202,0.032,0.063,300
158,None,0.174,0.041,0.061,300
159,None,0.484,0.049,0.067,300
160,None,0.170,0.047,0.071,300
161,bump,0.271,0.021,0.064,300
162,damage,0.376,0.019,0.063,300
163,None,0.177,0.021,0.066,300
164,None,0.481,0.034,0.070,300
165,None,0.220,0.019,0.058,300
166,damage,0.202,0.032,0.063,300
167,None,0.174,0.041,0.061,300
168,None,0.484,0.049,0.067,300
169,None,0.170,0.047,0.071,300
170,bump,0.271,0.021,0.064,300
171,damage,0.376,0.019,0.063,300
172,None,0.177,0.021,0.066,300
173,None,0.481,0.034,0.070,300
174,None,0.220,0.019,0.058,300
175,damage,0.202,0.032,0.063,300
176,None,0.174,0.041,0.061,300
177,None,0.484,0.049,0.067,300
178,None,0.170,0.047,0.071,300
179,bump,0.271,0.021,0.064,300
180,damage,0.376,0.019,0.063,300
181,None,0.177,0.021,0.066,300
182,None,0.481,0.034,0.070,300
183,None,0.220,0.019,0.058,300
184,damage,0.202,0.032,0.063,300
185,None,0.174,0.041,0.061,300
186,None,0.484,0.049,0.067,300
187,None,0.170,0.047,0.071,300
188,bump,0.271,0.021,0.064,300
189,damage,0.376,0.019,0.063,300
190,None,0.177,0.021,0.066,300
191,None,0.481,0.034,0.070,300
192,None,0.220,0.019,0.058,300
193,damage,0.202,0.032,0.063,300
194,None,0.174,0.041,0.061,300
195,None,0.484,0.049,0.067,300
196,None,0.170,0.047,0.071,300
197,bump,0.271,0.021,0.064,300
198,damage,0.376,0.019,0.063,300
199,None,0.177,0.021,0.066,300
200,None,0.481,0.034,0.070,300
201,None,0.220,0.019,0.058,300
202,damage,0.202,0.032,0.063,300
203,None,0.174,0.041,0.061,300
204,None,0.484,0.049,0.067,300
205,None,0.170,0.047,0.071,300
206,bump,0.271,0.021,0.064,300
207,damage,0.376,0.019,0.063,300
208,None,0.177,0.021,0.066,300
209,None,0.481,0.034,0.070,300
210,None,0.220,0.019,0.058,300
211,damage,0.202,0.032,0.063,300
212,None,0.174,0.041,0.061,300
213,None,0.484,0.049,0.067,300
214,None,0.170,0.047,0.071,300
215,bump,0.271,0.021,0.064,300
216,damage,0.376,0.019,0.063,300
217,None,0.177,0.021,0.066,300
218,None,0.481,0.034,0.070,300
219,None,0.220,0.019,0.058,300
220,damage,0.202,0.032,0.063,300
221,None,0.174,0.041,0.061,300
222,None,0.484,0.049,0.067,300
223,None,0.170,0.047,0.071,300
224,bump,0.271,0.021,0.064,300
225,damage,0.376,0.019,0.063,300
226,None,0.177,0.021,0.066,300
227,None,0.481,0.034,0.070,300
228,None,0.220,0.019,0.058,300
229,damage,0.202,0.032,0.063,300
230,None,0.174,0.041,0.061,300
231,None,0.484,0.049,0.067,300
232,None,0.170,0.047,0.071,300
233,bump,0.271,0.021,0.064,300
234,damage,0.376,0.019,0.063,300
235,None,0.177,0.021,0.066,300
236,None,0.481,0.034,0.070,300
237,None,0.220,0.019,0.058,300
238,damage,0.202,0.032,0.063,300
239,None,0.174,0.041,0.061,300
240,None,0.484,0.049,0.067,300
241,None,0.170,0.047,0.071,300
242,bump,0.271,0.021,0.064,300
243,damage,0.376,0.019,0.063,300
244,None,0.177,0.021,0.066,300
245,None,0.481,0.034,0.070,300
246,None,0.220,0.019,0.058,300
247,damage,0.202,0.032,0.063,300
248,None,0.174,0.041,0.061,300
249,None,0.484,0.049,0.067,300
250,None,0.170,0.047,0.071,300
251,bump,0.271,0.021,0.064,300
252,damage,0.376,0.019,0.063,300
253,None,0.177,0.021,0.066,300
254,None,0.481,0.034,0.070,300
255,None,0.220,0.019,0.058,300
256,damage,0.202,0.032,0.063,300
257,None,0.174,0.041,0.061,300
258,None,0.484,0.049,0.067,300
259,None,0.170,0.047,0.071,300
260,bump,0.271,0.021,0.064,300
261,damage,0.376,0.019,0.063,300
262,None,0.177,0.021,0.066,300
263,None,0.481,0.034,0.070,300
264,None,0.220,0.019,0.058,300
265,damage,0.202,0.032,0.063,300
266,None,0.174,0.041,0.061,300
267,None,0.484,0.049,0.067,300
268,None,0.170,0.047,0.071,300
269,bump,0.271,0.021,0.064,300
270,damage,0.376,0.019,0.063,300
271,None,0.177,0.021,0.066,300
272,None,0.481,0.034,0.070,300
273,None,0.220,0.019,0.058,300
274,damage,0.202,0.032,0.063,300
275,None,0.174,0.041,0.061,300
276,None,0.484,0.049,0.067,300
277,None,0.170,0.047,0.071,300
278,bump,0.271,0.021,0.064,300
279,damage,0.376,0.019,0.063,300
280,None,0.177,0.021,0.066,300
281,None,0.481,0.034,0.070,300
282,None,0.220,0.019,0.058,300
283,damage,0.202,0.032,0.063,300
284,None,0.174,0.041,0.061,300
285,None,0.484,0.049,0.067,300
286,None,0.170,0.047,0.071,300
287,bump,0.271,0.021,0.064,300
288,damage,0.376,0.019,0.063,300
289,None,0.177,0.021,0.066,300
290,None,0.481,0.034,0.070,300
291,None,0.220,0.019,0.058,300
292,damage,0.202,0.032,0.063,300
293,None,0.174,0.041,0.061,300
294,None,0.484,0.049,0.067,300
295,None,0.170,0.047,0.071,300
296,bump,0.271,0.021,0.064,300
297,damage,0.376,0.019,0.063,300
298,None,0.177,0.021,0.066,300
299,None,0.481,0.034,0.070,300
300,None,0.220,0.019,0.058,300
301,damage,0.202,0.032,0.063,300
302,None,0.174,0.041,0.061,300
303,None,0.484,0.049,0.067,300
304,None,0.170,0.047,0.071,300
305,bump,0.271,0.021,0.064,300
306,damage,0.376,0.019,0.063,300
307,None,0.177,0.021,0.066,300
308,None,0.481,0.034,0.070,300
309,None,0.220,0.019,0.058,300
310,damage,0.202,0.032,0.063,300
311,None,0.174,0.041,0.061,300
312,None,0.484,0.049,0.067,300
313,None,0.170,0.047,0.071,300
314,bump,0.271,0.021,0.064,300
315,damage,0.376,0.019,0.063,300
316,None,0.177,0.021,0.066,300
317,None,0.481,0.034,0.070,300
318,None,0.220,0.019,0.058,300
319,damage,0.202,0.032,0.063,300
320,None,0.174,0.041,0.061,300
321,None,0.484,0.049,0.067,300
322,None,0.170,0.047,0.071,300
323,bump,0.271,0.021,0.064,300
324,damage,0.376,0.019,0.063,300
325,None,0.177,0.021,0.066,300
326,None,0.481,0.034,0.070,300
327,None,0.220,0.019,0.058,300
328,damage,0.202,0.032,0.063,300
329,None,0.174,0.041,0.061,300
330,None,0.484,0.049,0.067,300
331,None,0.170,0.047,0.071,300
332,bump,0.271,0.021,0.064,300
333,damage,0.376,0.019,0.063,300
334,None,0.177,0.021,0.066,300
335,None,0.481,0.034,0.070,300
336,None,0.220,0.019,0.058,300
337,damage,0.202,0.032,0.063,300
338,None,0.174,0.041,0.061,300
339,None,0.484,0.049,0.067,300
340,None,0.170,0.047,0.071,300
341,bump,0.271,0.021,0.064,300
342,damage,0.376,0.019,0.063,300
343,None,0.177,0.021,0.066,300
344,None,0.481,0.034,0.070,300
345,None,0.220,0.019,0.058,300
346,damage,0.202,0.032,0.063,300
347,None,0.174,0.041,0.061,300
348,None,0.484,0.049,0.067,300
349,None,0.170,0.047,0.071,300
350,bump,0.271,0.021,0.064,300
351,damage,0.376,0.019,0.063,300
352,None,0.177,0.021,0.066,300
353,None,0.481,0.034,0.070,300
354,None,0.220,0.019,0.058,300
355,damage,0.202,0.032,0.063,300
356,None,0.174,0.041,0.061,300
357,None,0.484,0.049,0.067,300
358,None,0.170,0.047,0.071,300
359,bump,0.271,0.021,0.064,300
360,damage,0.376,0.019,0.063,300
361,None,0.177,0.021,0.066,300
362,None,0.481,0.034,0.070,300
363,None,0.220,0.019,0.058,300
364,damage,0.202,0.032,0.063,300
365,None,0.174,0.041,0.061,300
366,None,0.484,0.049,0.067,300
367,None,0.170,0.047,0.071,300
368,bump,0.271,0.021,0.064,300
369,damage,0.376,0.019,0.063,300
370,None,0.177,0.021,0.066,300
371,None,0.481,0.034,0.070,300
372,None,0.220,0.019,0.058,300
373,damage,0.202,0.032,0.063,300
374,None,0.174,0.041,0.061,300
375,None,0.484,0.049,0.067,300
376,None,0.170,0.047,0.071,300
377,bump,0.271,0.021,0.064,300
378,damage,0.376,0.019,0.063,300
379,None,0.177,0.021,0.066,300
380,None,0.481,0.034,0.070,300
381,None,0.220,0.019,0.058,300
382,damage,0.202,0.032,0.063,300
383,None,0.174,0.041,0.061,300
384,None,0.484,0.049,0.067,300
385,None,0.170,0.047,0.071,300
386,bump,0.271,0.021,0.064,300
387,damage,0.376,0.019,0.063,300
388,None,0.177,0.021,0.066,300
389,None,0.481,0.034,0.070,300
390,None,0.220,0.019,0.058,300
391,damage,0.202,0.032,0.063,300
392,None,0.174,0.041,0.061,300
393,None,0.484,0.049,0.067,300
394,None,0.170,0.047,0.071,300
395,bump,0.271,0.021,0.064,300
396,damage,0.376,0.019,0.063,300
397,None,0.177,0.021,0.066,300
398,None,0.481,0.034,0.070,300
399,None,0.220,0.019,0.058,300
400,damage,0.202,0.032,0.063,300
401,None,0.174,0.041,0.061,300
402,None,0.484,0.049,0.067,300
403,None,0.170,0.047,0.071,300
404,bump,0.271,0.021,0.064,300
405,damage,0.376,0.019,0.063,300
406,None,0.177,0.021,0.066,300
407,None,0.481,0.034,0.070,300
408,None,0.220,0.019,0.058,300
409,damage,0.202,0.032,0.063,300
410,None,0.174,0.041,0.061,300
411,None,0.484,0.049,0.067,300
412,None,0.170,0.047,0.071,300
413,bump,0.271,0.021,0.064,300
414,damage,0.376,0.019,0.063,300
415,None,0.177,0.021,0.066,300
416,None,0.481,0.034,0.070,300
417,None,0.220,0.019,0.058,300
418,damage,0.202,0.032,0.063,300
419,None,0.174,0.041,0.061,300
420,None,0.484,0.049,0.067,300
421,None,0.170,0.047,0.071,300
422,bump,0.271,0.021,0.064,300
423,damage,0.376,0.019,0.063,300
424,None,0.177,0.021,0.066,300
425,None,0.481,0.034,0.070,300
426,None,0.220,0.019,0.058,300
427,damage,0.202,0.032,0.063,300
428,None,0.174,0.041,0.061,300
429,None,0.484,0.049,0.067,300
430,None,0.170,0.047,0.071,300
431,bump,0.271,0.021,0.064,300
432,damage,0.376,0.019,0.063,300
433,None,0.177,0.021,0.066,300
434,None,0.481,0.034,0.070,300
435,None,0.220,0.019,0.058,300
436,damage,0.202,0.032,0.063,300
437,None,0.174,0.041,0.061,300
438,None,0.484,0.049,0.067,300
439,None,0.170,0.047,0.071,300
440,bump,0.271,0.021,0.064,300
441,damage,0.376,0.019,0.063,300
442,None,0.177,0.021,0.066,300
443,None,0.481,0.034,0.070,300
444,None,0.220,0.019,0.058,300
445,damage,0.202,0.032,0.063,300
446,None,0.174,0.041,0.061,300
447,None,0.484,0.049,0.067,300
448,None,0.170,0.047,0.071,300
449,bump,0.271,0.021,0.064,300
450,damage,0.376,0.019,0.063,300
451,None,0.177,0.021,0.066,300
452,None,0.481,0.034,0.070,300
453,None,0.220,0.019,0.058,300
454,damage,0.202,0.032,0.063,300
455,None,0.174,0.041,0.061,300
456,None,0.484,0.049,0.067,300
457,None,0.170,0.047,0.071,300
458,bump,0.271,0.021,0.064,300
459,damage,0.376,0.019,0.063,300
460,None,0.177,0.021,0.066,300
461,None,0.481,0.034,0.070,300
462,None,0.220,0.019,0.058,300
463,damage,0.202,0.032,0.063,300
464,None,0.174,0.041,0.061,300
465,None,0.484,0.049,0.067,300
466,None,0.170,0.047,0.071,300
467,bump,0.271,0.021,0.064,300
468,damage,0.376,0.019,0.063,300
469,None,0.177,0.021,0.066,300
470,None,0.481,0.034,0.070,300
471,None,0.220,0.019,0.058,300
472,damage,0.202,0.032,0.063,300
473,None,0.174,0.041,0.061,300
474,None,0.484,0.049,0.067,300
475,None,0.170,0.047,0.071,300
476,bump,0.271,0.021,0.064,300
477,damage,0.376,0.019,0.063,300
478,None,0.177,0.021,0.066,300
479,None,0.481,0.034,0.070,300
480,None,0.220,0.019,0.058,300
481,damage,0.202,0.032,0.063,300
482,None,0.174,0.041,0.061,300
483,None,0.484,0.049,0.067,300
484,None,0.170,0.047,0.071,300
485,bump,0.271,0.021,0.064,300
486,damage,0.376,0.019,0.063,300
487,None,0.177,0.021,0.066,300
488,None,0.481,0.034,0.070,300
489,None,0.220,0.019,0.058,300
490,damage,0.202,0.032,0.063,300
491,None,0.174,0.041,0.061,300
492,None,0.484,0.049,0.067,300
493,None,0.170,0.047,0.071,300
494,bump,0.271,0.021,0.064,300
495,damage,0.376,0.019,0.063,300
496,None,0.177,0.021,0.066,300
497,None,0.481,0.034,0.070,300
498,None,0.220,0.019,0.058,300
499,damage,0.202,0.032,0.063,300
500,None,0.174,0.041,0.061,300
501,None,0.484,0.049,0.067,300
502,None,0.170,0.047,0.071,300
503,bump,0.271,0.021,0.064,300
504,damage,0.376,0.019,0.063,300
505,None,0.177,0.021,0.066,300
506,None,0.481,0.034,0.070,300
507,None,0.220,0.019,0.058,300
508,damage,0.202,0.032,0.063,300
509,None,0.174,0.041,0.061,300
510,None,0.484,0.049,0.067,300
511,None,0.170,0.047,0.071,300
512,bump,0.271,0.021,0.064,300
513,damage,0.376,0.019,0.063,300
514,None,0.177,0.021,0.066,300
515,None,0.481,0.034,0.070,300
516,None,0.220,0.019,0.058,300
517,damage,0.202,0.032,0.063,300
518,None,0.174,0.041,0.061,300
519,None,0.484,0.049,0.067,300
520,None,0.170,0.047,0.071,300
521,bump,0.271,0.021,0.064,300
522,damage,0.376,0.019,0.063,300
523,None,0.177,0.021,0.066,300
524,None,0.481,0.034,0.070,300
525,None,0.220,0.019,0.058,300
526,damage,0.202,0.032,0.063,300
527,None,0.174,0.041,0.061,300
528,None,0.484,0.049,0.067,300
529,None,0.170,0.047,0.071,300
530,bump,0.271,0.021,0.064,300
531,damage,0.376,0.019,0.063,300
532,None,0.177,0.021,0.066,300
533,None,0.481,0.034,0.070,300
534,None,0.220,0.019,0.058,300
535,damage,0.202,0.032,0.063,300
536,None,0.174,0.041,0.061,300
537,None,0.484,0.049,0.067,300
538,None,0.170,0.047,0.071,300
539,bump,0.271,0.021,0.064,300
540,damage,0.376,0.019,0.063,300
541,None,0.177,0.021,0.066,300
542,None,0.481,0.034,0.070,300
543,None,0.220,0.019,0.058,300
544,damage,0.202,0.032,0.063,300
545,None,0.174,0.041,0.061,300
546,None,0.484,0.049,0.067,300
547,None,0.170,0.047,0.071,300
548,bump,0.271,0.021,0.064,300
549,damage,0.376,0.019,0.063,300
550,None,0.177,0.021,0.066,300
551,None,0.481,0.034,0.070,300
552,None,0.220,0.019,0.058,300
553,damage,0.202,0.032,0.063,300
554,None,0.174,0.041,0.061,300
555,None,0.484,0.049,0.067,300
556,None,0.170,0.047,0.071,300
557,bump,0.271,0.021,0.064,300
558,damage,0.376,0.019,0.063,300
559,None,0.177,0.021,0.066,300
560,None,0.481,0.034,0.070,300
561,None,0.220,0.019,0.058,300
562,damage,0.202,0.032,0.063,300
563,None,0.174,0.041,0.061,300
564,None,0.484,0.049,0.067,300
565,None,0.170,0.047,0.071,300
566,bump,0.271,0.021,0.064,300
567,damage,0.376,0.019,0.063,300
568,None,0.177,0.021,0.066,300
569,None,0.481,0.034,0.070,300
570,None,0.220,0.019,0.058,300
571,damage,0.202,0.032,0.063,300
572,None,0.174,0.041,0.061,300
573,None,0.484,0.049,0.067,300
574,None,0.170,0.047,0.071,300
575,bump,0.271,0.021,0.064,300
576,damage,0.376,0.019,0.063,300
577,None,0.177,0.021,0.066,300
578,None,0.481,0.034,0.070,300
579,None,0.220,0.019,0.058,300
580,damage,0.202,0.032,0.063,300
581,None,0.174,0.041,0.061,300
582,None,0.484,0.049,0.067,300
583,None,0.170,0.047,0.071,300
584,bump,0.271,0.021,0.064,300
585,damage,0.376,0.019,0.063,300
586,None,0.177,0.021,0.066,300
587,None,0.481,0.034,0.070,300
588,None,0.220,0.019,0.058,300
589,damage,0.202,0.032,0.063,300
590,None,0.174,0.041,0.061,300
591,None,0.484,0.049,0.067,300
592,None,0.170,0.047,0.071,300
593,bump,0.271,0.021,0.064,300
594,damage,0.376,0.019,0.063,300
595,None,0.177,0.021,0.066,300
596,None,0.481,0.034,0.070,300
597,None,0.220,0.019,0.058,300
598,damage,0.202,0.032,0.063,300
599,None,0.174,0.041,0.061,300
600,None,0.484,0.049,0.067,300
601,None,0.170,0.047,0.071,300
602,bump,0.271,0.021,0.064,300
603,damage,0.376,0.019,0.063,300
604,None,0.177,0.021,0.066,300
605,None,0.481,0.034,0.070,300
606,None,0.220,0.019,0.058,300
607,damage,0.202,0.032,0.063,300
608,None,0.174,0.041,0.061,300
609,None,0.484,0.049,0.067,300
610,None,0.170,0.047,0.071,300
611,bump,0.271,0.021,0.064,300
612,damage,0.376,0.019,0.063,300
613,None,0.177,0.021,0.066,300
614,None,0.481,0.034,0.070,300
615,None,0.220,0.019,0.058,300
616,damage,0.202,0.032,0.063,300
617,None,0.174,0.041,0.061,300
618,None,0.484,0.049,0.067,300
619,None,0.170,0.047,0.071,300
620,bump,0.271,0.021,0.064,300
621,damage,0.376,0.019,0.063,300
622,None,0.177,0.021,0.066,300
623,None,0.481,0.034,0.070,300
624,None,0.220,0.019,0.058,300
625,damage,0.202,0.032,0.063,300
626,None,0.174,0.041,0.061,300
627,None,0.484,0.049,0.067,300
628,None,0.170,0.047,0.071,300
629,bump,0.271,0.021,0.064,300
630,damage,0.376,0.019,0.063,300
631,None,0.177,0.021,0.066,300
632,None,0.481,0.034,0.070,300
633,None,0.220,0.019,0.058,300
634,damage,0.202,0.032,0.063,300
635,None,0.174,0.041,0.061,300
636,None,0.484,0.049,0.067,300
637,None,0.170,0.047,0.071,300
638,bump,0.271,0.021,0.064,300
639,damage,0.376,0.019,0.063,300
640,None,0.177,0.021,0.066,300
641,None,0.481,0.034,0.070,300
642,None,0.220,0.019,0.058,300
643,damage,0.202,0.032,0.063,300
644,None,0.174,0.041,0.061,300
645,None,0.484,0.049,0.067,300
646,None,0.170,0.047,0.071,300
647,bump,0.271,0.021,0.064,300
648,damage,0.376,0.019,0.063,300
649,None,0.177,0.021,0.066,300
650,None,0.481,0.034,0.070,300
651,None,0.220,0.019,0.058,300
652,damage,0.202,0.032,0.063,300
653,None,0.174,0.041,0.061,300
654,None,0.484,0.049,0.067,300
655,None,0.170,0.047,0.071,300
656,bump,0.271,0.021,0.064,300
657,damage,0.376,0.019,0.063,300
658,None,0.177,0.021,0.066,300
659,None,0.481,0.034,0.070,300
660,None,0.220,0.019,0.058,300
661,damage,0.202,0.032,0.063,300
662,None,0.174,0.041,0.061,300
663,None,0.484,0.049,0.067,300
664,None,0.170,0.047,0.071,300
665,bump,0.271,0.021,0.064,300
666,damage,0.376,0.019,0.063,300
667,None,0.177,0.021,0.066,300
668,None,0.481,0.034,0.070,300
669,None,0.220,0.019,0.058,300
670,damage,0.202,0.032,0.063,300
671,None,0.174,0.041,0.061,300
672,None,0.484,0.049,0.067,300
673,None,0.170,0.047,0.071,300
674,bump,0.271,0.021,0.064,300
675,damage,0.376,0.019,0.063,300
676,None,0.177,0.021,0.066,300
677,None,0.481,0.034,0.070,300
678,None,0.220,0.019,0.058,300
679,damage,0.202,0.032,0.063,300
680,None,0.174,0.041,0.061,300
681,None,0.484,0.049,0.067,300
682,None,0.170,0.047,0.071,300
683,bump,0.271,0.021,0.064,300
684,damage,0.376,0.019,0.063,300
685,None,0.177,0.021,0.066,300
686,None,0.481,0.034,0.070,300
687,None,0.220,0.019,0.058,300
688,damage,0.202,0.032,0.063,300
689,None,0.174,0.041,0.061,300
690,None,0.484,0.049,0.067,300
691,None,0.170,0.047,0.071,300
692,bump,0.271,0.021,0.064,300
693,damage,0.376,0.019,0.063,300
694,None,0.177,0.021,0.066,300
695,None,0.481,0.034,0.070,300
696,None,0.220,0.019,0.058,300
697,damage,0.202,0.032,0.063,300
698,None,0.174,0.041,0.061,300
699,None,0.484,0.049,0.067,300
700,None,0.170,0.047,0.071,300
701,bump,0.271,0.021,0.064,300
702,damage,0.376,0.019,0.063,300
703,None,0.177,0.021,0.066,300
704,None,0.481,0.034,0.070,300
705,None,0.220,0.019,0.058,300
706,damage,0.202,0.032,0.063,300
707,None,0.174,0.041,0.061,300
708,None,0.484,0.049,0.067,300
709,None,0.170,0.047,0.071,300
710,bump,0.271,0.021,0.064,300
711,damage,0.376,0.019,0.063,300
712,None,0.177,0.021,0.066,300
713,None,0.481,0.034,0.070,300
714,None,0.220,0.019,0.058,300
715,damage,0.202,0.032,0.063,300
716,None,0.174,0.041,0.061,300
717,None,0.484,0.049,0.067,300
718,None,0.170,0.047,0.071,300
719,bump,0.271,0.021,0.064,300
720,damage,0.376,0.019,0.063,300
721,None,0.177,0.021,0.066,300
722,None,0.481,0.034,0.070,300
723,None,0.220,0.019,0.058,300
724,damage,0.202,0.032,0.063,300
725,None,0.174,0.041,0.061,300
726,None,0.484,0.049,0.067,300
727,None,0.170,0.047,0.071,300
728,bump,0.271,0.021,0.064,300
729,damage,0.376,0.019,0.063,300
730,None,0.177,0.021,0.066,300
731,None,0.481,0.034,0.070,300
732,None,0.220,0.019,0.058,300
733,damage,0.202,0.032,0.063,300
734,None,0.174,0.041,0.061,300
735,None,0.484,0.049,0.067,300
736,None,0.170,0.047,0.071,300
737,bump,0.271,0.021,0.064,300
738,damage,0.376,0.019,0.063,300
739,None,0.177,0.021,0.066,300
740,None,0.481,0.034,0.070,300
741,None,0.220,0.019,0.058,300
742,damage,0.202,0.032,0.063,300
743,None,0.174,0.041,0.061,300
744,None,0.484,0.049,0.067,300
745,None,0.170,0.047,0.071,300
746,bump,0.271,0.021,0.064,300
747,damage,0.376,0.019,0.063,300
748,None,0.177,0.021,0.066,300
749,None,0.481,0.034,0.070,300
750,None,0.220,0.019,0.058,300
751,damage,0.202,0.032,0.063,300
752,None,0.174,0.041,0.061,300
753,None,0.484,0.049,0.067,300
754,None,0.170,0.047,0.071,300
755,bump,0.271,0.021,0.064,300
756,damage,0.376,0.019,0.063,300
757,None,0.177,0.021,0.066,300
758,None,0.481,0.034,0.070,300
759,None,0.220,0.019,0.058,300
760,damage,0.202,0.032,0.063,300
761,None,0.174,0.041,0.061,300
762,None,0.484,0.049,0.067,300
763,None,0.170,0.047,0.071,300
764,bump,0.271,0.021,0.064,300
765,damage,0.376,0.019,0.063,300
766,None,0.177,0.021,0.066,300
767,None,0.481,0.034,0.070,300
768,None,0.220,0.019,0.058,300
769,damage,0.202,0.032,0.063,300
770,None,0.174,0.041,0.061,300
771,None,0.484,0.049,0.067,300
772,None,0.170,0.047,0.071,300
773,bump,0.271,0.021,0.064,300
774,damage,0.376,0.019,0.063,300
775,None,0.177,0.021,0.066,300
776,None,0.481,0.034,0.070,300
777,None,0.220,0.019,0.058,300
778,damage,0.202,0.032,0.063,300
779,None,0.174,0.041,0.061,300
780,None,0.484,0.049,0.067,300
781,None,0.170,0.047,0.071,300
782,bump,0.271,0.021,0.064,300
783,damage,0.376,0.019,0.063,300
784,None,0.177,0.021,0.066,300
785,None,0.481,0.034,0.070,300
786,None,0.220,0.019,0.058,300
787,damage,0.202,0.032,0.063,300
788,None,0.174,0.041,0.061,300
789,None,0.484,0.049,0.067,300
790,None,0.170,0.047,0.071,300
791,bump,0.271,0.021,0.064,300
792,damage,0.376,0.019,0.063,300
793,None,0.177,0.021,0.066,300
794,None,0.481,0.034,0.070,300
795,None,0.220,0.019,0.058,300
796,damage,0.202,0.032,0.063,300
797,None,0.174,0.041,0.061,300
798,None,0.484,0.049,0.067,300
799,None,0.170,0.047,0.071,300
800,bump,0.271,0.021,0.064,300
801,damage,0.376,0.019,0.063,300
802,None,0.177,0.021,0.066,300
803,None,0.481,0.034,0.070,300
804,None,0.220,0.019,0.058,300
805,damage,0.202,0.032,0.063,300
806,None,0.174,0.041,0.061,300
807,None,0.484,0.049,0.067,300
808,None,0.170,0.047,0.071,300
809,bump,0.271,0.021,0.064,300
810,damage,0.376,0.019,0.063,300
811,None,0.177,0.021,0.066,300
812,None,0.481,0.034,0.070,300
813,None,0.220,0.019,0.058,300
814,damage,0.202,0.032,0.063,300
815,None,0.174,0.041,0.061,300
816,None,0.484,0.049,0.067,300
817,None,0.170,0.047,0.071,300
818,bump,0.271,0.021,0.064,300
819,damage,0.376,0.019,0.063,300
820,None,0.177,0.021,0.066,300
821,None,0.481,0.034,0.070,300
822,None,0.220,0.019,0.058,300
823,damage,0.202,0.032,0.063,300
824,None,0.174,0.041,0.061,300
825,None,0.484,0.049,0.067,300
826,None,0.170,0.047,0.071,300
827,bump,0.271,0.021,0.064,300
828,damage,0.376,0.019,0.063,300
829,None,0.177,0.021,0.066,300
830,None,0.481,0.034,0.070,300
831,None,0.220,0.019,0.058,300
832,damage,0.202,0.032,0.063,300
833,None,0.174,0.041,0.061,300
834,None,0.484,0.049,0.067,300
835,None,0.170,0.047,0.071,300
836,bump,0.271,0.021,0.064,300
837,damage,0.376,0.019,0.063,300
838,None,0.177,0.021,0.066,300
839,None,0.481,0.034,0.070,300
840,None,0.220,0.019,0.058,300
841,damage,0.202,0.032,0.063,300
842,None,0.174,0.041,0.061,300
843,None,0.484,0.049,0.067,300
844,None,0.170,0.047,0.071,300
845,bump,0.271,0.021,0.064,300
846,damage,0.376,0.019,0.063,300
847,None,0.177,0.021,0.066,300
848,None,0.481,0.034,0.070,300
849,None,0.220,0.019,0.058,300
850,damage,0.202,0.032,0.063,300
851,None,0.174,0.041,0.061,300
852,None,0.484,0.049,0.067,300
853,None,0.170,0.047,0.071,300
854,bump,0.271,0.021,0.064,300
855,damage,0.376,0.019,0.063,300
856,None,0.177,0.021,0.066,300
857,None,0.481,0.034,0.070,300
858,None,0.220,0.019,0.058,300
859,damage,0.202,0.032,0.063,300
860,None,0.174,0.041,0.061,300
861,None,0.484,0.049,0.067,300
862,None,0.170,0.047,0.071,300
863,bump,0.271,0.021,0.064,300
864,damage,0.376,0.019,0.063,300
865,None,0.177,0.021,0.066,300
866,None,0.481,0.034,0.070,300
867,None,0.220,0.019,0.058,300
868,damage,0.202,0.032,0.063,300
869,None,0.174,0.041,0.061,300
870,None,0.484,0.049,0.067,300
871,None,0.170,0.047,0.071,300
872,bump,0.271,0.021,0.064,300
873,damage,0.376,0.019,0.063,300
874,None,0.177,0.021,0.066,300
875,None,0.481,0.034,0.070,300
876,None,0.220,0.019,0.058,300
877,damage,0.202,0.032,0.063,300
878,None,0.174,0.041,0.061,300
879,None,0.484,0.049,0.067,300
880,None,0.170,0.047,0.071,300
881,bump,0.271,0.021,0.064,300
882,damage,0.376,0.019,0.063,300
883,None,0.177,0.021,0.066,300
884,None,0.481,0.034,0.070,300
885,None,0.220,0.019,0.058,300
886,damage,0.202,0.032,0.063,300
887,None,0.174,0.041,0.061,300
888,None,0.484,0.049,0.067,300
889,None,0.170,0.047,0.071,300
890,bump,0.271,0.021,0.064,300
891,damage,0.376,0.019,0.063,300
892,None,0.177,0.021,0.066,300
893,None,0.481,0.034,0.070,300
894,None,0.220,0.019,0.058,300
895,damage,0.202,0.032,0.063,300
896,None,0.174,0.041,0.061,300
897,None,0.484,0.049,0.067,300
898,None,0.170,0.047,0.071,300
899,bump,0.271,0.021,0.064,300
900,damage,0.376,0.019,0.063,300
901,None,0.177,0.021,0.066,300
902,None,0.481,0.034,0.070,300
903,None,0.220,0.019,0.058,300
904,damage,0.202,0.032,0.063,300
905,None,0.174,0.041,0.061,300
906,None,0.484,0.049,0.067,300
907,None,0.170,0.047,0.071,300
908,bump,0.271,0.021,0.064,300
909,damage,0.376,0.019,0.063,300
910,None,0.177,0.021,0.066,300
911,None,0.481,0.034,0.070,300
912,None,0.220,0.019,0.058,300
913,damage,0.202,0.032,0.063,300
914,None,0.174,0.041,0.061,300
915,None,0.484,0.049,0.067,300
916,None,0.170,0.047,0.071,300
917,bump,0.271,0.021,0.064,300
918,damage,0.376,0.019,0.063,300
919,None,0.177,0.021,0.066,300
920,None,0.481,0.034,0.070,300
921,None,0.220,0.019,0.058,300
922,damage,0.202,0.032,0.063,300
923,None,0.174,0.041,0.061,300
924,None,0.484,0.049,0.067,300
925,None,0.170,0.047,0.071,300
926,bump,0.271,0.021,0.064,300
927,damage,0.376,0.019,0.063,300
928,None,0.177,0.021,0.066,300
929,None,0.481,0.034,0.070,300
930,None,0.220,0.019,0.058,300
931,damage,0.202,0.032,0.063,300
932,None,0.174,0.041,0.061,300
933,None,0.484,0.049,0.067,300
934,None,0.170,0.047,0.071,300
935,bump,0.271,0.021,0.064,300
936,damage,0.376,0.019,0.063,300
937,None,0.177,0.021,0.066,300
938,None,0.481,0.034,0.070,300
939,None,0.220,0.019,0.058,300
940,damage,0.202,0.032,0.063,300
941,None,0.174,0.041,0.061,300
942,None,0.484,0.049,0.067,300
943,None,0.170,0.047,0.071,300
944,bump,0.271,0.021,0.064,300
945,damage,0.376,0.019,0.063,300
946,None,0.177,0.021,0.066,300
947,None,0.481,0.034,0.070,300
948,None,0.220,0.019,0.058,300
949,damage,0.202,0.032,0.063,300
950,None,0.174,0.041,0.061,300
951,None,0.484,0.049,0.067,300
952,None,0.170,0.047,0.071,300
953,bump,0.271,0.021,0.064,300
954,damage,0.376,0.019,0.063,300
955,None,0.177,0.021,0.066,300
956,None,0.481,0.034,0.070,300
957,None,0.220,0.019,0.058,300
958,damage,0.202,0.032,0.063,300
959,None,0.174,0.041,0.061,300
960,None,0.484,0.049,0.067,300
961,None,0.170,0.047,0.071,300
962,bump,0.271,0.021,0.064,300
963,damage,0.376,0.019,0.063,300
964,None,0.177,0.021,0.066,300
965,None,0.481,0.034,0.070,300
966,None,0.220,0.019,0.058,300
967,damage,0.202,0.032,0.063,300
968,None,0.174,0.041,0.061,300
969,None,0.484,0.049,0.067,300
970,None,0.170,0.047,0.071,300
971,bump,0.271,0.021,0.064,300
972,damage,0.376,0.019,0.063,300
973,None,0.177,0.021,0.066,300
974,None,0.481,0.034,0.070,300
975,None,0.220,0.019,0.058,300
976,damage,0.202,0.032,0.063,300
977,None,0.174,0.041,0.061,300
978,None,0.484,0.049,0.067,300
979,None,0.170,0.047,0.071,300
980,bump,0.271,0.021,0.064,300
981,damage,0.376,0.019,0.063,300
982,None,0.177,0.021,0.066,300
983,None,0.481,0.034,0.070,300
984,None,0.220,0.019,0.058,300
985,damage,0.202,0.032,0.063,300
986,None,0.174,0.041,0.061,300
987,None,0.484,0.049,0.067,300
988,None,0.170,0.047,0.071,300
989,bump,0.271,0.021,0.064,300
990,damage,0.376,0.019,0.063,300
991,None,0.177,0.021,0.066,300
992,None,0.481,0.034,0.070,300
993,None,0.220,0.019,0.058,300
994,damage,0.202,0.032,0.063,300
995,None,0.174,0.041,0.061,300
996,None,0.484,0.049,0.067,300
997,None,0.170,0.047,0.071,300
998,bump,0.271,0.021,0.064,300
999,damage,0.376,0.019,0.063,300
1000,None,0.177,0.021,0.066,300
1001,None,0.481,0.034,0.070,300
1002,None,0.220,0.019,0.058,300
1003,damage,0.202,0.032,0.063,300
1004,None,0.174,0.041,0.061,300
1005,None,0.484,0.049,0.067,300
1006,None,0.170,0.047,0.071,300
1007,bump,0.271,0.021,0.064,300
1008,damage,0.376,0.019,0.063,300
1009,None,0.177,0.021,0.066,300
1010,None,0.657,0.072,0.075,300
